Title,Date,href
North Atlantic Noncommutative Geometry Seminar,2024-03-06 17:15,https://www.mimuw.edu.pl/seminaria/north-atlantic-noncommutative-geometry-seminar
North Atlantic Noncommutative Geometry Seminar,2024-02-28 17:15,https://www.mimuw.edu.pl/seminaria/north-atlantic-noncommutative-geometry-seminar
North Atlantic Noncommutative Geometry Seminar,2024-01-24 17:15,https://www.mimuw.edu.pl/seminaria/north-atlantic-noncommutative-geometry-seminar
North Atlantic Noncommutative Geometry Seminar,2024-01-17 17:15,https://www.mimuw.edu.pl/seminaria/north-atlantic-noncommutative-geometry-seminar
North Atlantic Noncommutative Geometry Seminar,2024-01-10 17:15,https://www.mimuw.edu.pl/seminaria/north-atlantic-noncommutative-geometry-seminar
"Seminarium ""DeSeR: Dane, strumienie, rozpraszanie""",2023-12-21 12:15,https://www.mimuw.edu.pl/seminaria/deser-dane-strumienie-rozpraszanie
North Atlantic Noncommutative Geometry Seminar,2023-12-20 17:15,https://www.mimuw.edu.pl/seminaria/north-atlantic-noncommutative-geometry-seminar
Sem. Topologia i T. Mnogości,2023-12-20 16:15,https://www.mimuw.edu.pl/seminaria/sem-topologia-i-t-mnogosci
Metody ilościowe w finansach,2023-12-20 14:15,https://www.mimuw.edu.pl/seminaria/metody-ilosciowe-w-finansach
Teoria Automatów,2023-12-20 14:15,https://www.mimuw.edu.pl/seminaria/teoria-automatow
Sem. Topologia Alg.,2023-12-20 10:30,https://www.mimuw.edu.pl/seminaria/sem-topologia-alg
Biol. Obl. i Bioinf.,2023-12-20 10:15,https://www.mimuw.edu.pl/seminaria/biol-obl-i-bioinf
"Seminarium ""DeSeR: Dane, strumienie, rozpraszanie""",2023-12-14 12:15,https://www.mimuw.edu.pl/seminaria/deser-dane-strumienie-rozpraszanie
Sem. Algebra,2023-12-14 12:15,https://www.mimuw.edu.pl/seminaria/sem-algebra
Sem. RP,2023-12-14 12:15,https://www.mimuw.edu.pl/seminaria/sem-rp
North Atlantic Noncommutative Geometry Seminar,2023-12-13 17:15,https://www.mimuw.edu.pl/seminaria/north-atlantic-noncommutative-geometry-seminar
Sem. Topologia i T. Mnogości,2023-12-13 16:15,https://www.mimuw.edu.pl/seminaria/sem-topologia-i-t-mnogosci
Sem. Biomat. i T. Gier,2023-12-13 14:15,https://www.mimuw.edu.pl/seminaria/sem-biomat-i-t-gier
Teoria Automatów,2023-12-13 14:15,https://www.mimuw.edu.pl/seminaria/teoria-automatow
Biol. Obl. i Bioinf.,2023-12-13 10:15,https://www.mimuw.edu.pl/seminaria/biol-obl-i-bioinf
Seminarium badawcze „Systemy Inteligentne”,2023-12-08 16:15,https://www.mimuw.edu.pl/seminaria/seminarium-badawcze-systemy-inteligentne
Kolokwium Wydziału MIM UW,2023-12-07 14:30,https://www.mimuw.edu.pl/seminaria/kolokwium-wydzialu-mim-uw
Sem. RP,2023-12-07 12:15,https://www.mimuw.edu.pl/seminaria/sem-rp
"Seminarium ""DeSeR: Dane, strumienie, rozpraszanie""",2023-12-07 12:15,https://www.mimuw.edu.pl/seminaria/deser-dane-strumienie-rozpraszanie
"Gry, mechanizmy i sieci społ.",2023-12-07 10:15,https://www.mimuw.edu.pl/seminaria/gry-mechanizmy-i-sieci-spol
North Atlantic Noncommutative Geometry Seminar,2023-12-06 17:15,https://www.mimuw.edu.pl/seminaria/north-atlantic-noncommutative-geometry-seminar
Sem. Topologia i T. Mnogości,2023-12-06 16:15,https://www.mimuw.edu.pl/seminaria/sem-topologia-i-t-mnogosci
Teoria Automatów,2023-12-06 14:15,https://www.mimuw.edu.pl/seminaria/teoria-automatow
Sem. Biomat. i T. Gier,2023-12-06 14:15,https://www.mimuw.edu.pl/seminaria/sem-biomat-i-t-gier
Sem. Topologia Alg.,2023-12-06 10:30,https://www.mimuw.edu.pl/seminaria/sem-topologia-alg
Biol. Obl. i Bioinf.,2023-12-06 10:15,https://www.mimuw.edu.pl/seminaria/biol-obl-i-bioinf
Sem. Równań Fiz. Mat.,2023-11-30 12:30,https://www.mimuw.edu.pl/seminaria/sem-rownan-fiz-mat
Sem. RP,2023-11-30 12:15,https://www.mimuw.edu.pl/seminaria/sem-rp
Sem. Algebra,2023-11-30 12:15,https://www.mimuw.edu.pl/seminaria/sem-algebra
"Seminarium ""DeSeR: Dane, strumienie, rozpraszanie""",2023-11-30 12:15,https://www.mimuw.edu.pl/seminaria/deser-dane-strumienie-rozpraszanie
"Gry, mechanizmy i sieci społ.",2023-11-30 12:15,https://www.mimuw.edu.pl/seminaria/gry-mechanizmy-i-sieci-spol
North Atlantic Noncommutative Geometry Seminar,2023-11-29 17:15,https://www.mimuw.edu.pl/seminaria/north-atlantic-noncommutative-geometry-seminar
Sem. Topologia i T. Mnogości,2023-11-29 16:15,https://www.mimuw.edu.pl/seminaria/sem-topologia-i-t-mnogosci
Teoria Automatów,2023-11-29 14:15,https://www.mimuw.edu.pl/seminaria/teoria-automatow
Sem. Biomat. i T. Gier,2023-11-29 14:15,https://www.mimuw.edu.pl/seminaria/sem-biomat-i-t-gier
Metody ilościowe w finansach,2023-11-29 14:15,https://www.mimuw.edu.pl/seminaria/metody-ilosciowe-w-finansach
Sem. Topologia Alg.,2023-11-29 10:30,https://www.mimuw.edu.pl/seminaria/sem-topologia-alg
Seminarium badawcze „Systemy Inteligentne”,2023-11-24 16:15,https://www.mimuw.edu.pl/seminaria/seminarium-badawcze-systemy-inteligentne
Sem. Równań Fiz. Mat.,2023-11-23 12:30,https://www.mimuw.edu.pl/seminaria/sem-rownan-fiz-mat
Sem. Algebra,2023-11-23 12:15,https://www.mimuw.edu.pl/seminaria/sem-algebra
"Seminarium ""DeSeR: Dane, strumienie, rozpraszanie""",2023-11-23 12:15,https://www.mimuw.edu.pl/seminaria/deser-dane-strumienie-rozpraszanie
"Gry, mechanizmy i sieci społ.",2023-11-23 12:15,https://www.mimuw.edu.pl/seminaria/gry-mechanizmy-i-sieci-spol
Sem. RP,2023-11-23 12:15,https://www.mimuw.edu.pl/seminaria/sem-rp
Sem. Analizy Num.,2023-11-23 10:30,https://www.mimuw.edu.pl/seminaria/sem-analizy-num
Błażej Osiński,2023-12-07 14:00,https://www.mimuw.edu.pl/doktoraty/blazej-osinski
Barbara Poszewiecka,2023-12-13 14:15,https://www.mimuw.edu.pl/doktoraty/barbara-poszewiecka
Sebastian Stawicki,2024-01-11 14:00,https://www.mimuw.edu.pl/doktoraty/sebastian-stawicki
Maciej Gałązka,2023-12-15 16:00,https://www.mimuw.edu.pl/doktoraty/maciej-galazka
Rafał Stefański,2023-12-15 14:15,https://www.mimuw.edu.pl/doktoraty/rafal-stefanski
Mateusz Dębowski,2024-01-11 16:00,https://www.mimuw.edu.pl/doktoraty/mateusz-debowski
